Sentiment,policy1%,policy2%,policy3%
Pos,0.45200984,0.52009844,0.42923977
Neu,0.25512715,0.25184578,0.28070175
Neg,0.292863,0.3314192,0.29005848
